name,transistors count,year
"Intel 4004 (4-bit, 16-pin)",2250,1971
"TMX 1795 (8-bit, 24-pin)",3078,1971
"Intel 8008 (8-bit, 18-pin)",3500,1972
"NEC μCOM-4 (4-bit, 42-pin)",2500,1973
Toshiba TLCS-12 (12-bit),11000,1973
"Intel 4040 (4-bit, 16-pin)",3000,1974
"Motorola 6800 (8-bit, 40-pin)",4100,1974
"Intel 8080 (8-bit, 40-pin)",6000,1974
"TMS 1000 (4-bit, 28-pin)",8000,1974
"HP Nanoprocessor (8-bit, 40-pin)",4639,1974
"MOS Technology 6502 (8-bit, 40-pin)",4528,1975
"Intersil IM6100 (12-bit, 40-pin; clone of PDP-8)",4000,1975
"CDP 1801 (8-bit, 2-chip, 40-pin)",5000,1975
"RCA 1802 (8-bit, 40-pin)",5000,1976
"Zilog Z80 (8-bit, 4-bit ALU, 40-pin)",8500,1976
"Intel 8085 (8-bit, 40-pin)",6500,1976
TMS9900 (16-bit),8000,1976
Bellmac-8 (8-bit),7000,1977
"Motorola 6809 (8-bit with some 16-bit features, 40-pin)",9000,1978
"Intel 8086 (16-bit, 40-pin)",29000,1978
Zilog Z8000 (16-bit),17500,1979
"Intel 8088 (16-bit, 8-bit data bus)",29000,1979
"Motorola 68000 (16/32-bit, 32-bit registers, 16-bit  ALU)",68000,1979
"Intel 8051 (8-bit, 40-pin)",50000,1980
WDC 65C02,11500,1981
ROMP (32-bit),45000,1981
"Intel 80186 (16-bit, 68-pin)",55000,1982
"Intel 80286 (16-bit, 68-pin)",134000,1982
WDC 65C816 (8/16-bit),22000,1983
NEC V20,63000,1984
Motorola 68020 (32-bit; 114 pins used),190000,1984
"Intel 80386 (32-bit, 132-pin; no cache)",275000,1985
ARM 1 (32-bit; no cache),25000,1985
Novix NC4016 (16-bit),16000,1985
SPARC MB86900 (32-bit; no cache),110000,1986
NEC V60 (32-bit; no cache),375000,1986
"ARM 2 (32-bit, 84-pin; no cache)",27000,1986
Z80000 (32-bit; very small cache),91000,1986
NEC V70 (32-bit; no cache),385000,1987
Hitachi Gmicro/200,730000,1987
"Motorola 68030 (32-bit, very small caches)",273000,1987
TI Explorer's 32-bit Lisp machine chip,553000,1987
DEC WRL MultiTitan,180000,1988
"Intel i960 (32-bit, 33-bit memory subsystem, no cache)",250000,1988
"Intel i960CA (32-bit, cache)",600000,1989
"Intel i860 (32/64-bit, 128-bit SIMD, cache, VLIW)",1000000,1989
"Intel 80486 (32-bit, 8 KB cache)",1180235,1989
"ARM 3 (32-bit, 4 KB cache)",310000,1989
"POWER1 (9-chip module, 72 kB of cache)",6900000,1990
"Motorola 68040 (32-bit, 8 KB caches)",1200000,1990
"R4000 (64-bit, 16 KB of caches)",1350000,1991
"ARM 6 (32-bit, no cache for this 60 variant)",35000,1991
"Hitachi SH-1 (32-bit, no cache)",600000,1992
"Intel i960CF (32-bit, cache)",900000,1992
"Alpha 21064 (64-bit, 290-pin; 16 KB of caches)",1680000,1992
"Hitachi HARP-1 (32-bit, cache)",2800000,1993
"Pentium (32-bit, 16 KB of caches)",3100000,1993
"POWER2 (8-chip module, 288 kB of cache)",23037000,1993
ARM700 (32-bit; 8 KB cache),578977,1994
"MuP21 (21-bit, 40-pin; includes video)",7000,1994
"Motorola 68060 (32-bit, 16 KB of caches)",2500000,1994
"PowerPC 601 (32-bit, 32 KB of caches)",2800000,1994
"PowerPC 603 (32-bit, 16 KB of caches)",1600000,1994
"PowerPC 603e (32-bit, 32 KB of caches)",2600000,1995
"Alpha 21164 EV5 (64-bit, 112 kB cache)",9300000,1995
"SA-110 (32-bit, 32 KB of caches)",2500000,1995
"Pentium Pro (32-bit, 16 KB of caches; L2 cache on-package, but on separate die)",5500000,1995
"PA-8000 64-bit, no cache",3800000,1995
"Alpha 21164A EV56 (64-bit, 112 kB cache)",9660000,1996
"AMD K5 (32-bit, caches)",4300000,1996
"Pentium II Klamath (32-bit, 64-bit SIMD, caches)",7500000,1997
"AMD K6 (32-bit, caches)",8800000,1997
F21 (21-bit; includes e.g. video),15000,1997
"AVR (8-bit, 40-pin; w/memory)",140000,1997
"Pentium II Deschutes (32-bit, large cache)",7500000,1998
Alpha 21264 EV6 (64-bit),15200000,1998
"Alpha 21164PC PCA57 (64-bit, 48 kB cache)",5700000,1998
"Hitachi SH-4 (32-bit, caches)",3200000,1998
"ARM 9TDMI (32-bit, no cache)",111000,1999
"Pentium III Katmai (32-bit, 128-bit SIMD, caches)",9500000,1999
"Emotion Engine (64-bit, 128-bit SIMD, cache)",10500000,1999
"Pentium II Mobile Dixon (32-bit, caches)",27400000,1999
"AMD K6-III (32-bit, caches)",21300000,1999
"AMD K7 (32-bit, caches)",22000000,1999
"Gekko (32-bit, large cache)",21000000,2000
"Pentium III Coppermine (32-bit, large cache)",21000000,2000
"Pentium 4 Willamette (32-bit, large cache)",42000000,2000
"SPARC64 V (64-bit, large cache)",191000000,2001
"Pentium III Tualatin (32-bit, large cache)",45000000,2001
"Pentium 4 Northwood (32-bit, large cache)",55000000,2002
"Itanium 2 McKinley (64-bit, large cache)",220000000,2002
"Alpha 21364 (64-bit, 946-pin, SIMD, very large caches)",152000000,2003
"AMD K7 Barton (32-bit, large cache)",54300000,2003
"AMD K8 (64-bit, large cache)",105900000,2003
Pentium M Banias (32-bit),77000000,2003
Itanium 2 Madison 6M (64-bit),410000000,2003
PlayStation 2 single chip (CPU + GPU),53500000,2003
"Pentium 4 Prescott (32-bit, large cache)",112000000,2004
Pentium M Dothan (32-bit),144000000,2004
"SPARC64 V+ (64-bit, large cache)",400000000,2004
Itanium 2 (64-bit;9 MB cache),592000000,2004
"Pentium 4 Prescott-2M (32-bit, large cache)",169000000,2005
"Pentium D Smithfield (64-bit, large cache)",228000000,2005
"Xenon (64-bit, 128-bit SIMD, large cache)",165000000,2005
"Cell (32-bit, cache)",250000000,2005
"Pentium 4 Cedar Mill (32-bit, large cache)",184000000,2006
"Pentium D Presler (64-bit, large cache)",362000000,2006
"Core 2 Duo Conroe (dual-core 64-bit, large caches)",291000000,2006
"Dual-core Itanium 2 (64-bit, SIMD, large caches)",1700000000,2006
"AMD K10 quad-core 2M L3 (64-bit, large caches)",463000000,2007
"ARM Cortex-A9 (32-bit, (optional) SIMD, caches)",26000000,2007
"Core 2 Duo Wolfdale (dual-core 64-bit, SIMD, caches)",411000000,2007
"POWER6 (64-bit, large caches)",789000000,2007
"Core 2 Duo Allendale (dual-core 64-bit, SIMD, large caches)",169000000,2007
Uniphier,250000000,2007
"SPARC64 VI (64-bit, SIMD, large caches)",540000000,2007
"Core 2 Duo Wolfdale 3M (dual-core 64-bit, SIMD, large caches)",230000000,2008
"Core i7 (quad-core 64-bit, SIMD, large caches)",731000000,2008
"AMD K10 quad-core 6M L3 (64-bit, SIMD, large caches)",758000000,2008
"Atom (32-bit, large cache)",47000000,2008
"SPARC64 VII (64-bit, SIMD, large caches)",600000000,2008
"Six-core Xeon 7400 (64-bit, SIMD, large caches)",1900000000,2008
"Six-core Opteron 2400 (64-bit, SIMD, large caches)",904000000,2009
"SPARC64 VIIIfx (64-bit, SIMD, large caches)",760000000,2009
"Atom (Pineview) 64-bit, 1-core, 512 kB L2 cache",123000000,2010
"Atom (Pineview) 64-bit, 2-core, 1 MB L2 cache",176000000,2010
"SPARC T3 (16-core 64-bit, SIMD, large caches)",1000000000,2010
Six-core Core i7 (Gulftown),1170000000,2010
"POWER7 32M L3 (8-core 64-bit, SIMD, large caches)",1200000000,2010
"Quad-core z196 (64-bit, very large caches)",1400000000,2010
"Quad-core Itanium Tukwila (64-bit, SIMD, large caches)",2000000000,2010
"Xeon Nehalem-EX (8-core 64-bit, SIMD, large caches)",2300000000,2010
"SPARC64 IXfx (64-bit, SIMD, large caches)",1870000000,2011
"Quad-core + GPU Core i7 (64-bit, SIMD, large caches)",1160000000,2011
"Six-core Core i7/8-core Xeon E5 (Sandy Bridge-E/EP) (64-bit, SIMD, large caches)",2270000000,2011
"Xeon Westmere-EX (10-core 64-bit, SIMD, large caches)",2600000000,2011
"Atom ""Medfield"" (64-bit)",432000000,2012
"SPARC64 X (64-bit, SIMD, caches)",2990000000,2012
"AMD Ribbon/Bulldozer (8-core 64-bit, SIMD, caches)",1200000000,2012
"Quad-core + GPU AMD Trinity (64-bit, SIMD, caches)",1303000000,2012
"Quad-core + GPU Core i7 Ivy Bridge (64-bit, SIMD, caches)",1400000000,2012
"POWER7+ (8-core 64-bit, SIMD, 80 MB L3 cache)",2100000000,2012
"Six-core zEC12 (64-bit, SIMD, large caches)",2750000000,2012
"Itanium Poulson (8-core 64-bit, SIMD, caches)",3100000000,2012
"Xeon Phi (61-core 32-bit, 512-bit SIMD, caches)",5000000000,2012
"Apple A7 (dual-core 64/32-bit ARM64, ""mobile SoC"", SIMD, caches)",1000000000,2013
"Six-core Core i7 Ivy Bridge E (64-bit, SIMD, caches)",1860000000,2013
"POWER8 (12-core 64-bit, SIMD, caches)",4200000000,2013
"Xbox One main SoC (64-bit, SIMD, caches)",5000000000,2013
"Quad-core + GPU Core i7 Haswell (64-bit, SIMD, caches)",1400000000,2014
"Apple A8 (dual-core 64/32-bit ARM64 ""mobile SoC"", SIMD, caches)",2000000000,2014
"Core i7 Haswell-E (8-core 64-bit, SIMD, caches)",2600000000,2014
"Apple A8X (tri-core 64/32-bit ARM64 ""mobile SoC"", SIMD, caches)",3000000000,2014
"Xeon Ivy Bridge-EX (15-core 64-bit, SIMD, caches)",4310000000,2014
"Xeon Haswell-E5 (18-core 64-bit, SIMD, caches)",5560000000,2014
"Quad-core + GPU GT2 Core i7 Skylake K (64-bit, SIMD, caches)",1750000000,2015
"Dual-core + GPU Iris Core i7 Broadwell-U (64-bit, SIMD, caches)",1900000000,2015
"Apple A9 (dual-core 64/32-bit ARM64 ""mobile SoC"", SIMD, caches)",2000000000,2015
"Apple A9X (dual core 64/32-bit ARM64 ""mobile SoC"", SIMD, caches)",3000000000,2015
"IBM z13 (64-bit, caches)",3990000000,2015
IBM z13 Storage Controller,7100000000,2015
"SPARC M7 (32-core 64-bit, SIMD, caches)",10000000000,2015
"Core i7 Broadwell-E (10-core 64-bit, SIMD, caches)",3200000000,2016
"Apple A10 Fusion (quad-core 64/32-bit ARM64 ""mobile SoC"", SIMD, caches)",3300000000,2016
"HiSilicon Kirin 960 (octa-core 64/32-bit ARM64 ""mobile SoC"", SIMD, caches)",4000000000,2016
"Xeon Broadwell-E5 (22-core 64-bit, SIMD, caches)",7200000000,2016
"Xeon Phi (72-core 64-bit, 512-bit SIMD, caches)",8000000000,2016
"Zip CPU (32-bit, for FPGAs)",1286,2016
"Qualcomm Snapdragon 835 (octa-core 64/32-bit ARM64 ""mobile SoC"", SIMD, caches)",3000000000,2016
"Apple A11 Bionic (hexa-core 64/32-bit ARM64 ""mobile SoC"", SIMD, caches)",4300000000,2017
"AMD Zen CCX (core complex unit: 4 cores, 8 MB L3 cache)",1400000000,2017
"AMD Zeppelin SoC Ryzen (64-bit, SIMD, caches)",4800000000,2017
"AMD Ryzen 5 1600 Ryzen (64-bit, SIMD, caches)",4800000000,2017
"IBM z14 (64-bit, SIMD, caches)",6100000000,2017
IBM z14 Storage Controller (64-bit),9700000000,2017
"HiSilicon Kirin 970 (octa-core 64/32-bit ARM64 ""mobile SoC"", SIMD, caches)",5500000000,2017
"Xbox One X (Project Scorpio) main SoC (64-bit, SIMD, caches)",7000000000,2017
"Xeon Platinum 8180 (28-core 64-bit, SIMD, caches)",8000000000,2017
Xeon (unspecified),7100000000,2017
"POWER9 (64-bit, SIMD, caches)",8000000000,2017
"Freedom U500 Base Platform Chip (E51, 4×U54) RISC-V (64-bit, caches)",250000000,2017
"SPARC64 XII (12-core 64-bit, SIMD, caches)",5450000000,2017
"Apple A10X Fusion (hexa-core 64/32-bit ARM64 ""mobile SoC"", SIMD, caches)",4300000000,2017
"Centriq 2400 (64/32-bit, SIMD, caches)",18000000000,2017
"AMD Epyc (32-core 64-bit, SIMD, caches)",19200000000,2017
"Qualcomm Snapdragon 845 (octa-core 64/32-bit ARM64 ""mobile SoC"", SIMD, caches)",5300000000,2017
"Qualcomm Snapdragon 850 (octa-core 64/32-bit ARM64 ""mobile SoC"", SIMD, caches)",5300000000,2017
"HiSilicon Kirin 710 (octa-core ARM64 ""mobile SoC"", SIMD, caches)",5500000000,2018
"Apple A12 Bionic (hexa-core ARM64 ""mobile SoC"", SIMD, caches)",6900000000,2018
"HiSilicon Kirin 980 (octa-core ARM64 ""mobile SoC"", SIMD, caches)",6900000000,2018
"Qualcomm Snapdragon 8cx / SCX8180 (octa-core ARM64 ""mobile SoC"", SIMD, caches)",8500000000,2018
"Apple A12X Bionic (octa-core 64/32-bit ARM64 ""mobile SoC"", SIMD, caches)",10000000000,2018
"Fujitsu A64FX (64/32-bit, SIMD, caches)",8786000000,2018
Tegra Xavier SoC (64/32-bit),9000000000,2018
"Qualcomm Snapdragon 855 (octa-core 64/32-bit ARM64 ""mobile SoC"", SIMD, caches)",6700000000,2018
AMD Zen 2 core (0.5 MB L2 + 4 MB L3 cache),475000000,2019
"AMD Zen 2 CCX (core complex: 4 cores, 16 MB L3 cache)",1900000000,2019
"AMD Zen 2 CCD (core complex die: 8 cores, 32 MB L3 cache)",3800000000,2019
AMD Zen 2 client I/O die,2090000000,2019
AMD Zen 2 server I/O die,8340000000,2019
AMD Zen 2 Renoir die,9800000000,2019
"AMD Ryzen 7 3700X (64-bit, SIMD, caches, I/O die)",5990000000,2019
HiSilicon Kirin 990 4G,8000000000,2019
"Apple A13 (hexa-core 64-bit ARM64 ""mobile SoC"", SIMD, caches)",8500000000,2019
"IBM z15 CP chip (12 cores, 256 MB L3 cache)",9200000000,2019
IBM z15 SC chip (960 MB L4 cache),12200000000,2019
"AMD Ryzen 9 3900X (64-bit, SIMD, caches, I/O die)",9890000000,2019
HiSilicon Kirin 990 5G,10300000000,2019
"AWS Graviton2 (64-bit, 64-core ARM-based, SIMD, caches)",30000000000,2019
"AMD Epyc Rome (64-bit, SIMD, caches)",39540000000,2019
"Qualcomm Snapdragon 865 (octa-core 64/32-bit ARM64 ""mobile SoC"", SIMD, caches)",10300000000,2019
"TI Jacinto TDA4VM (ARM A72, DSP, SRAM)",3500000000,2020
"Apple A14 Bionic (hexa-core 64-bit ARM64 ""mobile SoC"", SIMD, caches)",11800000000,2020
"Apple M1 (octa-core 64-bit ARM64 SoC, SIMD, caches)",16000000000,2020
HiSilicon Kirin 9000,15300000000,2020
"AMD Zen 3 CCX (core complex unit: 8 cores, 32 MB L3 cache)",4080000000,2020
AMD Zen 3 CCD (core complex die),4150000000,2020
"Core 11th gen Rocket Lake (8-core 64-bit, SIMD, large caches)",6000000000,2021
"AMD Ryzen 7 5800H (64-bit, SIMD, caches, I/O and GPU)",10700000000,2021
"AMD Epyc 7763 (Milan) (64-core, 64-bit)",,2021
Apple A15,15000000000,2021
"Apple M1 Pro (10-core, 64-bit)",33700000000,2021
"Apple M1 Max (10-core, 64-bit)",57000000000,2021
Power10 dual-chip module (30 SMT8 cores or 60 SMT4 cores),36000000000,2021
Dimensity 9000 (ARM64 SoC),15300000000,2021
Apple A16 (ARM64 SoC),16000000000,2022
"Apple M1 Ultra (dual-chip module, 2×10 cores)",114000000000,2022
"AMD Epyc 7773X (Milan-X) (multi-chip module, 64 cores, 768 MB L3 cache)",26000000000,2022
"IBM Telum dual-chip module (2×8 cores, 2×256 MB cache)",45000000000,2022
"Apple M2 (octa-core 64-bit ARM64 SoC, SIMD, caches)",20000000000,2022
Dimensity 9200 (ARM64 SoC),17000000000,2022
"Qualcomm Snapdragon 8 Gen 2 (octa-core ARM64 ""mobile SoC"", SIMD, caches)",16000000000,2022
AMD EPYC Genoa (4th gen/9004 series) 13-chip module,90000000000,2022
HiSilicon Kirin 9000s,9510000000,2023
"Apple M4 (deca-core 64-bit ARM64 SoC, SIMD, caches)",28000000000,2024
"Apple M3 (octa-core 64-bit ARM64 SoC, SIMD, caches)",25000000000,2023
"Apple M3 Pro (dodeca-core 64-bit ARM64 SoC, SIMD, caches)",37000000000,2023
"Apple M3 Max (16-core 64-bit ARM64 SoC, SIMD, caches)",92000000000,2023
Apple A17,19000000000,2023
Sapphire Rapids quad-chip module,44000000000,2023
"Apple M2 Pro (12-core 64-bit ARM64 SoC, SIMD, caches)",40000000000,2023
"Apple M2 Max (12-core 64-bit ARM64 SoC, SIMD, caches)",67000000000,2023
Apple M2 Ultra (two M2 Max dies),134000000000,2023
AMD Epyc Bergamo,82000000000,2023
AMD Instinct MI300A,146000000000,2023
RV32-WUJI: 3-atom-thick molybdenum disulfide on sapphire; RISC-V architecture,5931,2025
NVIDIA Vera,227000000000,2026
